current_filename,new_filename
0006e93f62963735cf75b324bbccbf00e976ed2325127889.jpg,
0068adf75be74e30491346d250a383c12cfa8fbd27623174.jpg,
0210a8ecdb91c6247d5f0b19bfbf37811197e7827696592.jpg,
0223af8c79a0897455b80bf837f081f665f5b78911605478.jpg,
0239445e26e2cf343aa13e558e128828e7a5e74f19126351.jpg,
025ba921f9761581a3dc5dba0a10a69a39a573fa4310144.jpg,
02b5aefc53631bb968861972f0bbcdda10d61f9e8919826.jpg,
02fe01ccd5f588e3dfba27b0caa781072c7cff2216182137.jpg,
03036bdc48df54a9074f75b02cf7d75b2a624bfb14238738.jpg,
033b88287d32e92776366d50f454bf14dc3db57a9801643.jpg,
0346f75935b196ce775a1e1b73dd79a2d58ae94815716000.jpg,
034d5854cdae0f60f6636d28706c8ce2241a37ac16622269.jpg,
035b9d2928c078f52c294ee7f8293e8936dbd8d812920076.jpg,
03964db15bfbcba8a8b6600d41b1b5bf209657ba21029940.jpg,
03abe80386b934c5631f9dc58e1ce924c74f262e14923828.jpg,
03cafd169f88733f05cae38f05c2dd46affc6dde15148297.jpg,
0403cc8ff5aad1c5c0ebb71a55ad154d5105f4f613478943.jpg,
0434177ddc6bc260730d998046ff3f5cf922189515436913.jpg,
04350d3a02c0e1a7652c0d666c26232fca88f25313661022.jpg,
04c8ed4e414d353ad162a116a4d1b5c1124c735217671060.jpg,
061e83a680e492b83654142f3dd91bfdb697921910467004.jpg,
0667ba45d79aac2de55dbd187dd4f548d987b0f99157040.jpg,
06a5a9617987c90c9d1ea6ec908b38e21467c54c10712024.jpg,
06c2950b8d7cccbcadfdcc43053abfdb792e05f413448225.jpg,
0751f0e7c2e6f289389b9aecfca6335cd289ce479713215.jpg,
076ff4df71665ba6606ce702fe246c7c66cb340921098572.jpg,
07bb2b0dd75fe417517b3c02b6f7d96b3760134d12578814.jpg,
07c2ffa8702d3e8df7ad0663cadfff9f09d3085a11073742.jpg,
07ef5d4c9dfcaa3d3611af4a99da539f36ef0a7b7344218.jpg,
08be8e03acded5869091385ccafa9ec3038ffd4e15929578.jpg,
08d55b7954ffd3c2c2ea0d3edfde6909310e155723272609.jpg,
0941631619233516ef549fd2205c979825bde72412447078.jpg,
094fc058ae45c85d566a8f31730527a829933a3f11602771.jpg,
09af8d85308b2388f31a0745da3fd0fbcb7866bb11767003.jpg,
09bb0d76ee21ae16ace896ed7baecd739a8a341718245521.jpg,
0a071197bbfb2b34f4df61ba6a5310ee861c46fa6069077.jpg,
0a40ae3a6d2421d65359360fc5da1fa4c262eb0810657965.jpg,
